{
  "mikasa":{"img":"https://cdn.discordapp.com/avatars/877227425048723486/aebc34ba7facad7ea215d2a707953231.webp?size=100","commands":{"love":"Where is Eren?", "obey": "Yes master"}},
  
  "komi":{"img":"https://cdn.discordapp.com/avatars/929905896371396619/e544319fa418eada522f6a6764ad8ed8.webp?size=100","commands":{"love":"I- i- lo-", "baka": "b- b- ba- bak-", "laugh": "h h he-", "talk": "i i- i- i-"}},

  "asad":{"img":"https://cdn.discordapp.com/avatars/725865690241957988/bef4aec86a0ee9bac21427334fdac077.webp?size=40","commands":{"sht":"mayneeeee idk about this sht", "mayne": "mayneee i wanna watch anime", "joke": "okay I was just kidding issok", "maheen": "ok kopu 😑"}},
  
}